﻿序号,评论时间,评价类型,具体评价,出行场景,舒适度,准点率,服务态度,综合Q值,评分理由
1,2026-01-07,混合评价,抢票难，但发车密，30分钟一班刷证就进。过隧道时信号会断，影响刷视频。,周末旅游,3.0,3.0,3.0,3.0,基于关键词分析
2,2025-12-29,正面评价,商务通勤常客，公交化运营太方便，一天能来回几趟。G字头车厢充电插座够用，工作效率高。,商务通勤,3.0,3.0,3.0,3.0,基于关键词分析
3,2025-12-29,正面评价,临时订票顺畅，高铁信号好，看视频很快就到，往返车次足。,短途旅游,3.0,4.5,3.0,3.45,基于关键词分析
4,2025-12-26,正面评价,带娃往返，列车员主动帮忙拿行李、照看孩子，很贴心。车厢平稳，孩子不吵闹。,双城探亲,3.5,3.0,4.5,3.7,基于关键词分析
5,2025-12-26,正面评价,30日10次计次票划算，平均每趟省16块。刷证进站，不用每次抢票，高频出行友好。,双城恋爱通勤,3.0,3.0,3.0,3.0,基于关键词分析
6,2025-12-26,正面评价,列车员服务热情，行李多主动搭手。车子平稳，在车上办公不受影响。,双城探亲,3.5,3.0,3.5,3.35,基于关键词分析
7,2025-12-12,混合评价,旅途顺畅，性价比高。但一等座座椅偏硬，有面包屑；部分乘客喧哗影响休息。,旅游出行,2.0,3.5,3.0,2.8,基于关键词分析
