﻿序号,评论时间,评价类型,具体评价,出行场景,选择座席,舒适度,准点率,服务态度,综合Q值
1,2026-01-07,混合评价,抢票难，但发车密，30分钟一班刷证就进。过隧道时信号会断，影响刷视频。,周末旅游,二等座,3.0,3.5,3.0,3.15
2,2025-12-29,正面评价,商务通勤常客，公交化运营太方便，一天能来回几趟。G字头车厢充电插座够用，工作效率高。,商务通勤,一等座,4.3,4.7,4.3,4.42
3,2025-12-29,正面评价,临时订票顺畅，高铁信号好，看视频很快就到，往返车次足。,短途旅游,二等座,3.3,4.7,3.3,3.72
4,2025-12-26,正面评价,带娃往返，列车员主动帮忙拿行李、照看孩子，很贴心。车厢平稳，孩子不吵闹。,双城探亲,二等座,3.3,4.5,3.6,3.76
5,2025-12-26,正面评价,30日10次计次票划算，平均每趟省16块。刷证进站，不用每次抢票，高频出行友好。,双城恋爱通勤,二等座,3.3,4.5,3.3,3.66
6,2025-12-26,正面评价,列车员服务热情，行李多主动搭手。车子平稳，在车上办公不受影响。,双城探亲,二等座,3.3,4.5,3.6,3.76
7,2025-12-12,混合评价,旅途顺畅，性价比高。但一等座座椅偏硬，有面包屑；部分乘客喧哗影响休息。,旅游出行,一等座,4.0,3.5,4.0,3.85
8,2026-01-05,正面评价,重要会议赶时间，直接买了商务座。座椅能放平休息，到了精神好。虽然贵但值得。,商务通勤,商务座,5.0,4.5,5.0,4.85
9,2026-01-03,正面评价,成都重庆往返太频繁了，二等座性价比最高。1个半小时很快，座位也还行。,双城通勤,二等座,3.3,4.7,3.3,3.72
10,2026-01-02,混合评价,一等座比二等座宽敞，但周末人还是多。列车员服务不错，有免费饮料。,周末出行,一等座,4.3,3.5,4.0,3.95
11,2025-12-30,负面评价,二等座周五晚上太挤了，过道都是人。座位间距窄，1.8米的人腿伸不开。,通勤,二等座,2.0,2.5,2.5,2.33
12,2025-12-28,正面评价,一等座座椅舒服多了，2+2布局不拥挤。商务人士必选，可以安静办公。,商务出差,一等座,4.1,4.5,4.3,4.29
13,2025-12-25,正面评价,带父母出行选了一等座，老人坐着舒服。列车员很贴心，主动送热水。,探亲,一等座,4.6,4.5,4.6,4.57
14,2025-12-20,混合评价,二等座票价合理，但周末节假日经常买不到票。建议提前订。,旅游,二等座,3.0,3.5,3.0,3.15
15,2025-12-18,正面评价,商务座空间大，有独立阅读灯和充电口。适合需要安静工作的商务人士。,商务,商务座,5.0,4.5,5.0,4.85
16,2025-12-15,正面评价,成渝高铁真的很方便，二等座足够了。1小时多点就到，比开车省事。,日常通勤,二等座,3.3,4.7,3.3,3.72
17,2025-12-10,混合评价,一等座舒适度确实比二等座好，但价格贵了不少。偶尔出差可以选。,出差,一等座,4.0,3.5,4.0,3.85
18,2025-12-08,正面评价,高峰期买了商务座，人少安静，工作效率高。对时间要求高的推荐。,紧急出差,商务座,5.0,4.5,5.0,4.85
19,2025-12-05,正面评价,二等座性价比无敌，学生党首选。车厢干净，WiFi信号好。,学生出行,二等座,3.3,4.5,3.3,3.66
20,2025-12-01,正面评价,一等座服务好，有免费小食。座椅可调节角度，适合长时间乘坐。,休闲旅游,一等座,4.3,4.5,4.6,4.46
21,2025-11-28,混合评价,商务座确实贵，但空间和服务都是顶级的。有重要会议才会选。,高端商务,商务座,4.8,3.5,4.8,4.41
22,2025-11-25,正面评价,二等座虽然挤点，但票价实惠。成渝通勤族的标配。,通勤,二等座,2.8,4.5,3.3,3.48
23,2025-11-20,正面评价,一等座2+2布局很舒服，比飞机经济舱还宽敞。商务出行首选。,商务,一等座,4.6,4.5,4.3,4.46
24,2025-11-15,正面评价,带小孩选二等座，列车员帮忙安排家庭席，服务很贴心。,亲子出行,二等座,3.3,4.5,3.6,3.76
25,2025-11-10,混合评价,一等座座椅质量不错，但周末人多还是会吵。价格适中。,周末游,一等座,4.0,3.5,4.0,3.85
26,2025-11-05,正面评价,商务座私密性好，适合谈业务。虽然贵但商务必备。,商务洽谈,商务座,5.0,4.5,5.0,4.85
27,2025-11-01,正面评价,二等座足够用了，干净整洁。成渝距离短，没必要买贵的。,日常出行,二等座,3.3,4.5,3.3,3.66
28,2025-10-28,正面评价,一等座充电插座方便，座位宽敞。长期往返成渝的不二之选。,常旅客,一等座,4.6,4.7,4.3,4.52
29,2025-10-25,混合评价,二等座性价比高，但节假日一票难求。建议增加班次。,节假日,二等座,3.0,3.5,3.0,3.15
30,2025-10-20,正面评价,商务座服务一流，有专属候车室。时间就是金钱的人值得选。,高端出行,商务座,5.0,4.5,5.0,4.85
