,0
0,林家台
1,武隆
2,大安
3,泉州东
4,海石湾
5,冕宁
6,诸城
7,腰栈
8,嘉峪关
9,建瓯西
10,土贵乌拉
11,昌图
12,驼腰岭
13,葫芦岛北
14,阳澄湖
15,侯马西
16,尚家
17,东城南
18,通远堡西
19,南阳寨
20,新场
21,伊通
22,兰州东
23,五女山
24,营盘湾
25,绩溪北
26,四平东
27,桥湾
28,靖州
29,温岭
30,五台山
31,河唇
32,桐梓北
33,迎祥街
34,加格达奇
35,疏勒河
36,鸡东
37,闻喜西
38,邵阳
39,水家湖
40,睢宁
41,长春
42,庄桥
43,金华南
44,宜城
45,漫水湾
46,晋城
47,山市
48,烟台
49,南昌
50,苏集
51,田东北
52,南部
53,新友谊
54,迤资
55,桂平
56,潞城
57,小东
58,绿化
59,青水山
60,莒南北
61,古城子
62,草河口
63,咸阳
64,亳州
65,苇子沟
66,牛心台
67,东海县
68,祁县
69,天棚
70,慈利
71,甘泉
72,聊城
73,前窑
74,镇安
75,利川
76,德惠西
77,魏杖子
78,九营
79,甸心
80,彭山北
81,左家
82,电白
83,五莲
84,张百湾
85,青山
86,新平坝
87,阳信
88,上饶
89,重庆北
90,萧县
91,超梁沟
92,锦界
93,开平南
94,大雅河
95,张家界西
96,虎门东
97,仙水
98,额济纳
99,滴道
100,宝清
101,高谷
102,滁州
103,新民
104,沧州西
105,庐山
106,中和
107,黄河景区
108,九台南
109,青岛
110,四家子
111,劲松
112,大兴机场
113,南朗
114,涉县
115,和硕
116,海龙
117,璧山
118,红寺堡
119,潘家店
120,黑台
121,渑池
122,万年
123,成都南
124,临汾
125,城西
126,淮北北
127,芨岭
128,汾河
129,永嘉
130,城子坦
131,红峰
132,敖汉
133,营北
134,宜春西
135,珠海北
136,涞源
137,大兴
138,木里图
139,蕉溪
140,渭南北
141,迎春
142,高密
143,惠州南
144,六个鸡
145,南观村
146,佳木斯西
147,绥德
148,高邑
149,祥云
150,包头北
151,济南东
152,丹凤
153,中川机场
154,卫辉
155,临河
156,宣汉
157,元谋
158,崇信
159,高头
160,潮州
161,酒泉南
162,墨玉
163,白芨沟
164,王岗
165,宜良北
166,柳毛沟
167,大口钦
168,饶平
169,温春
170,周水子
171,小月旧
172,临高南
173,徐水
174,深圳
175,同心
176,北舍
177,拉萨
178,康城
179,宿州东
180,酉阳
181,襄河
182,女儿河
183,龙华
184,辉河
185,对青山
186,定陶
187,二道沟门
188,峻德
189,闵集
190,南江
191,马鞍山东
192,平阳
193,日照
194,夏官营
195,凯北
196,新固镇
197,官高
198,西武匠
199,三水北
200,文地
201,红寺堡北
202,姜堰
203,昌乐
204,宁村
205,柳沟
206,瓦窑坝
207,辛集
208,红兴隆
209,羊尾哨
210,太阳沟
211,镇江南
212,黄村
213,氡泉
214,西六方
215,青县
216,黄陵南
217,哈尔巴岭
218,开鲁
219,影壁山
220,玉溪
221,四平
222,德令哈
223,马皇
224,亚龙湾
225,威信
226,张三营
227,大陆号
228,徽县
229,景泰
230,柳树屯
231,杏树屯
232,富海
233,齐齐哈尔南
234,靖宇
235,东莞西
236,桃源
237,合阳
238,应城
239,高楞
240,康庄
241,天岗
242,西昌南
243,千阳
244,南堡北
245,濮阳
246,南口前
247,端州
248,常平东
249,铜仁南
250,巢湖东
251,大荔北
252,郭磊庄
253,道州
254,老羊壕
255,龙岩
256,东戴河
257,双峰北
258,丹霞山
259,沈阳北
260,赶水东
261,王场
262,世博园
263,龙嘉
264,明水河
265,分宜
266,洮南
267,眉山
268,商都
269,宜宾西
270,永泰
271,五道河
272,葛根庙
273,天镇
274,东安东
275,克东
276,古田北
277,麻尾
278,大盘石
279,临江
280,阿木尔
281,甲山
282,将乐
283,盖州
284,陵城
285,三江
286,会昌北
287,平凉南
288,零陵
289,滨海
290,楚山
291,丽江
292,甲猫
293,盐城北
294,福鼎
295,东明村
296,扶余
297,容桂
298,古北口
299,华蓥
300,松岭
301,虎门
302,八仙筒
303,汝州
304,新天
305,九台
306,恩平
307,章古台
308,徘徊北
309,汾阳
310,长安西
311,下花园
312,铁厂
313,五十家子
314,郑州
315,石林
316,昌图西
317,德昌
318,张家川
319,正定
320,成吉思汗
321,原林
322,沙湾县
323,涿州东
324,宁波
325,小河沿
326,承德县北
327,准东
328,汇流河
329,镇赉
330,七苏木
331,玉舍
332,吉水西
333,洛湾三江
334,咸宁南
335,襄汾
336,蒲城
337,公主岭
338,扎兰屯
339,叶柏寿
340,铁岭西
341,安口窑
342,师庄
343,广州西
344,张维屯
345,新晃
346,江桥
347,安图
348,石门村
349,定州东
350,包头西
351,中卫南
352,隆化
353,彭泽
354,太阳山
355,临沂
356,西乌旗
357,虎尔虎拉
358,四方台
359,台安
360,北京南
361,艾不盖
362,峨边
363,曾家坪子
364,白云鄂博
365,铜鼓溪
366,岔河
367,吐哈
368,泗洪
369,张掖西
370,大丰
371,马踏
372,石桥子
373,白马井
374,离堆公园
375,双子河
376,岩会
377,石家庄北
378,枣子林
379,核桃园
380,大口屯
381,李子沟
382,明城
383,鱼儿沟
384,宜宾
385,瓦房店
386,惠东
387,苍坪
388,海东西
389,奇峰塔
390,岷县
391,南仇
392,荣昌北
393,东丰
394,开安
395,小关溪
396,安阳
397,朱家窑
398,屏边
399,沙井西
400,玉山南
401,北台
402,克拉玛依
403,海湾
404,嘉祥
405,王团庄
406,钱家店
407,武安
408,高桥镇
409,安庆
410,长山屯
411,清远
412,项城
413,凤凰机场
414,茨冲
415,宾西北
416,花家庄
417,三关口
418,保家楼
419,通州
420,吐鲁番北
421,卧里屯
422,讷尔克气
423,三阳
424,龙爪沟
425,文水
426,富拉尔基
427,准格尔
428,青田
429,山坡东
430,屏山
431,潼南
432,焦作东
433,太姥山
434,太谷西
435,励家
436,霍州
437,云浮东
438,九郎山
439,明港
440,香兰
441,珠斯花
442,公积坂
443,丰顺
444,兰岗
445,海城西
446,索图罕
447,大关
448,中嘴
449,一步滩
450,石人城
451,金河
452,临沂北
453,河东机场
454,河津
455,张掖
456,天桥岭
457,弥勒
458,北票南
459,天津
460,淮阳南
461,富锦
462,抚顺北
463,漫流河
464,咸宁东
465,上园
466,祁门
467,韩府湾
468,黄松甸
469,昆明南
470,灵石东
471,汉中
472,长武
473,孔垄
474,林源
475,双龙湖
476,连珠山
477,孙镇
478,姚渡
479,流水沟
480,梁平
481,汉源
482,尼木
483,南宁西
484,满归
485,观音机场
486,大河坝
487,舒城
488,石湖
489,汨罗东
490,朝中
491,瓦屋山
492,神树
493,驻马店
494,衢州
495,亚布力
496,盘山
497,大巴
498,攀枝花南
499,枝城
500,禹城东
501,宏克力
502,神州
503,珠海
504,凤凰城
505,泰山
506,淮南东
507,宜昌
508,民权北
509,承德南
510,瑞昌西
511,松河
512,郁山
513,织金
514,华容
515,河源
516,榆中
517,那罗
518,磁县
519,荣昌
520,友好
521,白水县
522,青白江东
523,连云港东
524,霸州
525,鹿寨
526,武穴
527,普宁
528,吕梁
529,尼勒克
530,平原
531,水花
532,新松浦
533,羊者窝
534,曹子里
535,安平
536,遂溪
537,五林
538,高碑店东
539,平湖
540,黑水
541,济南
542,建德
543,海口东
544,十堰
545,油溪
546,哈达
547,黄流
548,马桥河
549,从江
550,上虞
551,晋州
552,莲江口
553,大杖子
554,杭州
555,冠豸山
556,南靖
557,楚雄南
558,沂南
559,上海虹桥
560,宝鸡
561,滨州
562,永安
563,资中北
564,桥北
565,略阳
566,吉首
567,滨江
568,营街
569,大方
570,城阳
571,余姚北
572,衡水
573,蓬安
574,唐山北
575,衡山
576,简阳
577,合肥西
578,镇雄
579,鹤壁
580,西安
581,罗平
582,凤城东
583,香港西九龙
584,班猫箐
585,碾子山
586,厉家寨
587,月亮田
588,响水县
589,晋城北
590,民福寺
591,三元区
592,武义
593,新立屯
594,浮图峪
595,罗城
596,双河镇
597,山湾子
598,西里
599,鄂州东
600,东乡
601,狼尾山
602,公营子
603,宽甸
604,松原
605,延吉
606,小山
607,东富
608,打羊
609,米脂
610,新华屯
611,镜铁山
612,砚川
613,乾县
614,沈阳东
615,西乡
616,吴忠
617,双牌
618,嘉善
619,东南营子
620,沙河口
621,瓦拉干
622,绥中北
623,邯郸东
624,佳木斯
625,伊尔施
626,兴业
627,余江
628,昆明
629,绿博园
630,泾县
631,南城
632,洛碛
633,盐池
634,南雄
635,灵丘
636,中寨
637,保康
638,王兆屯
639,望江
640,吉林
641,中山北
642,尼波
643,茶陵
644,驻马店西
645,邛崃
646,查干特格
647,鲘门
648,土溪
649,得耳布尔
650,独立屯
651,天柱山
652,平山
653,王家湾
654,邓州
655,双鸭山
656,乌西
657,徐闻
658,新桥
659,城固
660,到保
661,铜陵
662,大朗镇
663,新余
664,杨林
665,楚雄
666,邹平
667,建设
668,武当山西
669,锦州
670,肥东
671,月华
672,香坊
673,红花沟
674,麻阳
675,燕岗
676,郓城
677,秀英
678,美岱召
679,大邑
680,舒兰
681,西华
682,拉古
683,尹地
684,庆盛
685,运城北
686,辰溪
687,猛洞河
688,崇左
689,都昌
690,惠州
691,保定
692,茂舍祖
693,三江口
694,贵港
695,潮汕
696,双丰
697,襄汾西
698,燕家庄
699,伊敏
700,小市
701,松树林
702,临淄北
703,旬阳
704,勃利
705,绅坊
706,林东
707,后寨
708,田家沟
709,鲅鱼圈
710,牡丹江
711,永郎
712,阿尔山
713,经棚
714,涟水
715,乐山
716,长汀
717,紫荆关
718,三合庄
719,石门坎
720,天桥
721,麻城
722,背荫河
723,江源
724,亳州南
725,东胜东
726,宣化北
727,江津
728,海拉尔
729,官厅西
730,莒南
731,德保
732,延平
733,瓦祖
734,郏县
735,高台南
736,鼎湖东
737,淄博北
738,双柳
739,鞍山西
740,白壁关
741,醴陵
742,梅州西
743,上板城
744,漳平西
745,磨刀石
746,渭源
747,蒲城东
748,许三湾
749,抚州东
750,富县
751,湛江西
752,孤山
753,白洋淀
754,砀山
755,重庆南
756,郫县西
757,饶阳
758,伊拉哈
759,平果
760,新塘南
761,兴国西
762,南峧
763,新化南
764,宾阳
765,秦家
766,前卫
767,鼎湖山
768,大治北
769,联合乡
770,明港东
771,北岗
772,彝良
773,格尔木
774,金林
775,兰考
776,孝感东
777,岱岳
778,汝阳
779,新杖子
780,大兴沟
781,商洛
782,漳浦
783,赤峰东
784,滦县
785,常村
786,霸州西
787,无为
788,襄垣
789,静海
790,陈相屯
791,三十里堡
792,羊草
793,都格
794,萧县北
795,原平西
796,庙城
797,自贡
798,汕尾
799,大连北
800,加劳
801,沙沙坡
802,贵阳
803,金华
804,包头
805,绵阳
806,醴陵东
807,昌平北
808,喜德
809,资阳
810,白文东
811,云南驿
812,黄花筒
813,孟家岗
814,大扬气
815,小雨谷
816,朱家沟
817,大山铺
818,阜南
819,长坡岭
820,佛山西
821,五叉沟
822,花棚子
823,广宁寺
824,福山口
825,抚州
826,临汾西
827,南阳东
828,长流
829,龙丰
830,东津
831,虎门北
832,小哨
833,章丘
834,吉新河
835,萨拉齐
836,梁底下
837,高滩
838,夏邑县
839,怀安
840,阜新
841,宁德
842,南头
843,铁力
844,大青沟
845,兰陵北
846,石林西
847,满洲里
848,大石寨
849,禄丰南
850,磁山
851,同江
852,太平镇
853,金山卫
854,密山
855,孔滩
856,苇河
857,安溪
858,大孤山
859,塔尔气
860,鱼泉
861,石磷
862,五道沟
863,笔架山
864,阿尔山北
865,蒲坝
866,鸭园
867,朱日和
868,新彦
869,斗沟子
870,永仁
871,平原东
872,楚鲁图
873,费县北
874,邓州东
875,大石头南
876,柳园
877,如东
878,沈阳西
879,诸暨
880,名山
881,上海
882,伊宁
883,繁峙
884,云梦
885,珞璜南
886,西麻山
887,莫尔道嘎
888,德兴东
889,帽儿山西
890,庆阳山
891,广州南
892,南芬
893,田阳
894,藤县
895,东京城
896,罗江
897,五通
898,榆林
899,盘古
900,陈官营
901,东坡
902,瑞安
903,厚街
904,碧江
905,畲江北
906,达连河
907,碑木镇
908,凌海
909,五棵树
910,仙人桥
911,梁平南
912,马盖图
913,合川
914,钦州东
915,广汉
916,东营南
917,银瓶
918,湘潭
919,建瓯
920,包头东
921,唐家湾
922,前进镇
923,中堂
924,黄石东
925,免渡河
926,华容南
927,靖远西
928,民和南
929,朝阳川
930,寿阳
931,郫县
932,淄博
933,尤溪
934,皮山
935,三原
936,桐子林
937,喀喇其
938,李旺
939,大余
940,花园
941,婺源
942,义乌
943,冷水江东
944,平原堡
945,小儿坪
946,朗乡
947,岭南
948,新乐
949,安顺
950,娄山关南
951,张家口南
952,吉安
953,武威南
954,林西
955,渭南西
956,古城
957,鹰潭北
958,介休东
959,东沟门
960,天义
961,丽水
962,建安
963,遵义
964,洛阳东
965,平凉
966,龙井
967,长城
968,毛坝
969,南城司
970,库都尔
971,龙塘坝
972,九龙
973,莱西北
974,阳泉
975,杭州东
976,小池口
977,东莞港
978,风陵渡
979,临西
980,湟源
981,羊堡
982,金沟屯
983,武夷山北
984,东方红
985,册亨
986,八达岭长城
987,威海
988,嘎什甸子
989,富源
990,贵定
991,台前
992,近海
993,柳江
994,胜芳
995,定州
996,和静
997,大红旗
998,洛阳龙门
999,和什托洛盖
1000,榆树台
1001,柴河
1002,串子沟
1003,扶沟南
1004,北京
1005,岚县
1006,杨树湾
1007,镇紫街
1008,普湾
1009,渑池南
1010,羊马
1011,新青
1012,宜州
1013,甘河
1014,干塘
1015,王杨
1016,兴宁
1017,彬州
1018,永安南
1019,阳江
1020,七里河
1021,句容西
1022,渡市
1023,禹城
1024,石泉县
1025,新津
1026,二龙山屯
1027,东来
1028,安家
1029,泗水
1030,东二道河
1031,横沟桥东
1032,菇园
1033,田师府
1034,赤峰南
1035,广德号
1036,安达
1037,黄山
1038,承德东
1039,宁安
1040,戚墅堰
1041,二连
1042,毕节
1043,揭阳机场
1044,平田
1045,三门峡南
1046,缙云
1047,英吉沙
1048,贵阳东
1049,平安驿
1050,康金井
1051,来宾北
1052,长发屯
1053,青龙
1054,桥头
1055,上腰墩
1056,羊臼河
1057,敖头
1058,独山
1059,万源
1060,磐石
1061,桑根达来
1062,大足南
1063,任家店
1064,亮甲店
1065,贵定南
1066,新林
1067,帽儿山
1068,亚布力西
1069,寒葱沟
1070,南洼
1071,渠黎
1072,定远
1073,高楼房
1074,沙海
1075,依安
1076,三道湖
1077,杭锦旗
1078,唐海南
1079,沙后所
1080,东大坝
1081,西八里
1082,牧原
1083,容县
1084,带岭
1085,神头
1086,宜耐
1087,韶山
1088,吉舒
1089,宜春
1090,柏果
1091,清华园
1092,吴家川
1093,平遥古城
1094,通沟
1095,涪陵北
1096,大湾子
1097,宿松
1098,莱芜东
1099,兴和北
1100,老边
1101,平泉
1102,普洱渡
1103,高山子
1104,三间房
1105,利津南
1106,广宁寺南
1107,阿图什
1108,建阳
1109,贵定县
1110,北屯市
1111,横道河子
1112,高平
1113,横峰
1114,盘关
1115,元宝山
1116,雁翅
1117,临泉
1118,曹县
1119,平泉北
1120,东莞
1121,乌兰木图
1122,海口
1123,花土坡
1124,松树台
1125,老城镇
1126,石城
1127,义马
1128,泔溪
1129,热水
1130,内乡
1131,朝阳湖
1132,头道桥
1133,福生庄
1134,向阳
1135,涪陵
1136,密云北
1137,湘乡
1138,宁波东
1139,关林
1140,小榆树
1141,苏州新区
1142,徐家店
1143,六安
1144,玉门
1145,雁荡山
1146,范家屯
1147,黑井
1148,本溪湖
1149,乐昌东
1150,中台子
1151,大屯
1152,虎石台
1153,喀左
1154,旺苍
1155,枣阳
1156,绥芬河
1157,金山园区
1158,长河碥
1159,漳州东
1160,安仁
1161,鹰潭
1162,太子城
1163,荆门
1164,博尔塔拉
1165,鹤山
1166,洋县西
1167,成高子
1168,先锋
1169,彝良南
1170,阆中
1171,新晃西
1172,灵宝西
1173,高峰
1174,六合
1175,俞冲
1176,长征
1177,嫩江
1178,大成
1179,葫芦岛
1180,梅州
1181,河间西
1182,始兴
1183,兴莲
1184,叶榭
1185,泉阳
1186,昭通南
1187,密山西
1188,桐柏
1189,金州
1190,绿潭
1191,祁阳
1192,石门县北
1193,二道沙河
1194,揭阳
1195,神木南
1196,福利屯
1197,商丘
1198,小寺沟
1199,棕溪
1200,代县
1201,东湾
1202,榆树屯
1203,神池
1204,永和
1205,小金口
1206,延吉西
1207,永福南
1208,阿金
1209,海门
1210,保定东
1211,清河门
1212,四棵树
1213,巨宝
1214,汤逊湖
1215,应县
1216,哈尔滨北
1217,桦南
1218,马三家
1219,杏树
1220,水地
1221,蔺家楼
1222,岳家井
1223,建宁县北
1224,通海
1225,广安
1226,英德
1227,常德
1228,兴城
1229,五家
1230,蓬莱市
1231,四马架
1232,金马村
1233,旌德
1234,共青城
1235,蛟河西
1236,融水
1237,日照西
1238,顺德学院
1239,龙洞堡
1240,乌审旗
1241,石岭
1242,煤田
1243,嘉峪关南
1244,岭北
1245,灌南
1246,石景山南
1247,冕山
1248,海北
1249,西固
1250,扶余北
1251,褚家湾
1252,罗江东
1253,祁县东
1254,福山镇
1255,五龙背东
1256,贵阳北
1257,深圳东
1258,益阳
1259,陶家屯
1260,新保安
1261,福泉
1262,新立镇
1263,合肥南
1264,栟茶
1265,辽阳
1266,古浪
1267,沁阳
1268,惠安
1269,武陟
1270,迤那
1271,平台
1272,嘉峰
1273,贵溪
1274,西阳村
1275,中山
1276,乐平市
1277,晋江
1278,柳家庄
1279,商丘南
1280,清徐
1281,拉哈
1282,江边村
1283,八方
1284,鄯善
1285,敖力布告
1286,弋阳
1287,蒙自
1288,陇西
1289,照福铺
1290,贵定北
1291,霍州东
1292,大同南
1293,桃村北
1294,江宁
1295,安图西
1296,峡江
1297,太原南
1298,松树
1299,杜家
1300,漠河
1301,昭通
1302,漳平
1303,玉石
1304,沟帮子
1305,法启
1306,沈家
1307,李市镇
1308,石坝
1309,宝泉岭
1310,陇县
1311,涿州
1312,白银市
1313,泰安
1314,芦台
1315,陇南
1316,延平西
1317,万乐
1318,桐庐
1319,艾河
1320,安亭北
1321,天桥沟
1322,青沟子
1323,阳东
1324,塔崖驿
1325,上万
1326,紫阳
1327,三江县
1328,大英东
1329,德仁
1330,黄瓜园
1331,清镇西
1332,杨家营
1333,邵家堂
1334,郁南
1335,边沟
1336,新开
1337,十渡
1338,来宾
1339,八达岭
1340,江油
1341,察素齐
1342,春阳
1343,怀化
1344,吐鲁番
1345,福州
1346,官字井
1347,塔城
1348,梅花山
1349,茨坝
1350,三堂集
1351,泗县
1352,巴日图
1353,威宁
1354,二营
1355,河口北
1356,任丘
1357,泽润里
1358,庙宫
1359,锡林浩特
1360,公庙子
1361,长寿
1362,甘旗卡
1363,卫星
1364,烟筒屯
1365,周家
1366,临沂东
1367,下城子
1368,哈尔滨西
1369,怀柔北
1370,来凤
1371,常平
1372,云梦东
1373,湖口
1374,乌尔旗汗
1375,广德
1376,鹿道
1377,太原北
1378,路口铺
1379,博白
1380,深圳西
1381,厦门
1382,乃林
1383,蒙自北
1384,杨村
1385,三门峡西
1386,蒲江
1387,邹城
1388,邵阳北
1389,合肥北城
1390,南丰
1391,牙屯堡
1392,许昌
1393,登沙河
1394,沈家河
1395,松青
1396,苍石
1397,大灰厂
1398,兰州西
1399,一间堡
1400,三江南
1401,岫岩
1402,察尔汗
1403,阳西
1404,枣林
1405,狮山
1406,兰州
1407,银浪
1408,高安
1409,山海关
1410,查布嘎
1411,西平
1412,长临河
1413,牛庄
1414,郯城
1415,玉屏
1416,汉寿
1417,越西
1418,伊敏索木
1419,泰来
1420,军粮城北
1421,云居寺
1422,山城镇
1423,兴隆县
1424,许家台
1425,燕山
1426,双水镇
1427,清水县
1428,伊图里河
1429,梁山
1430,大阳
1431,石河子
1432,阳谷
1433,普安县
1434,衡阳东
1435,博鳌
1436,犍为
1437,万州北
1438,白河东
1439,桂林
1440,歪头山
1441,进贤南
1442,汤头沟
1443,陆川
1444,镇平
1445,泥河子
1446,大庆东
1447,南充北
1448,玉林
1449,临泽
1450,朱砂古镇
1451,大板
1452,孝南
1453,泾川
1454,马兰
1455,哈达阳
1456,古交
1457,沙园
1458,扎鲁特
1459,沙县
1460,石嘴山
1461,北宅
1462,龙游
1463,小河镇
1464,罗源
1465,干溪沟
1466,北京东
1467,新阳镇
1468,大徐屯
1469,盘州
1470,鸡冠山
1471,喀什
1472,古东
1473,枝江北
1474,广元
1475,高村
1476,小新街
1477,颍上
1478,沐滂
1479,白涛
1480,四道湾
1481,铜陵北
1482,盘锦
1483,石林南
1484,海宁西
1485,皮口南
1486,湾沟
1487,平型关
1488,滨海北
1489,大虎山
1490,钦州
1491,乌苏
1492,汕头
1493,野三坡
1494,芦沟
1495,江油北
1496,道清
1497,顺昌
1498,文安
1499,大乌苏
1500,南华北
1501,平坝南
1502,大通西
1503,瓜州
1504,五五
1505,歙县北
1506,精河
1507,兰考南
1508,济源
1509,崇州
1510,东升
1511,安龙
1512,寮步
1513,杨桥
1514,板塘
1515,三把火
1516,司家岭
1517,孝感
1518,富源北
1519,无锡
1520,龙山镇
1521,龙南
1522,永定
1523,仁布
1524,东明县
1525,信阳
1526,南台
1527,淮滨
1528,蔡家坡
1529,永城北
1530,哈拉苏
1531,乾安
1532,晋中
1533,新余北
1534,伊春
1535,抚顺
1536,遂平
1537,西岗子
1538,合浦
1539,侯马
1540,梅江
1541,互助
1542,中兴
1543,永甸
1544,齐齐哈尔
1545,潼关
1546,安庆西
1547,建水
1548,石头
1549,长沙
1550,红安
1551,卓资东
1552,河洛营
1553,铁厂沟
1554,蛟河
1555,六道河子
1556,虎林
1557,闹海营
1558,铁刹山
1559,东胜
1560,北马圈子
1561,博兴
1562,闽清
1563,狮山北
1564,济南
1565,息县
1566,雨格
1567,阿城
1568,宣家沟
1569,北京大兴
1570,朝天南
1571,抚宁
1572,蔡家崖
1573,新乡东
1574,李家坪
1575,佛坪
1576,沙坡头
1577,商河
1578,深圳北
1579,泡子
1580,清河门北
1581,坡底下
1582,南通
1583,黄梅
1584,吴圩
1585,乌鲁布铁
1586,大杨树
1587,华山
1588,纳雍
1589,西昌
1590,陆良
1591,康熙岭
1592,淮南
1593,汤旺河
1594,鄢陵
1595,小宋
1596,勉县
1597,常州北
1598,水泉
1599,化德
1600,丹徒
1601,高碑店
1602,济宁
1603,露水河
1604,微子镇
1605,岐山
1606,息烽
1607,广宁
1608,二道湾
1609,曹妃甸东
1610,青神
1611,黄州
1612,株洲西
1613,三元坝
1614,银滩
1615,阿巴嘎旗
1616,汤池
1617,郭家店
1618,礼泉
1619,敖来
1620,石家庄
1621,平邑
1622,鸟岛
1623,井店
1624,花楼坝
1625,通远堡
1626,杨陵
1627,黑山北
1628,望牛墩
1629,梨树镇
1630,松江南
1631,吉安西
1632,黄羊滩
1633,后湖
1634,刚察
1635,双流机场
1636,鄱阳
1637,杨树岭
1638,黄羊湾
1639,深圳机场北
1640,滕州东
1641,天河街
1642,兴义
1643,东通化
1644,滕州
1645,棋子湾
1646,山阴
1647,沙河
1648,园墩
1649,茶卡
1650,宜兴
1651,郑州西
1652,阜阳西
1653,长汀南
1654,碧州
1655,托克托东
1656,碧鸡关
1657,当阳
1658,望都
1659,南宫东
1660,白狼
1661,东辛庄
1662,台州
1663,肇东
1664,铁口
1665,昆阳
1666,黄冈西
1667,惠环
1668,岳阳
1669,龙江
1670,天门南
1671,宁东
1672,临江场
1673,讷河
1674,济南西
1675,十八台
1676,南陈铺
1677,英德西
1678,潢川
1679,兰棱
1680,红山
1681,交城
1682,海城
1683,大连
1684,韩麻营
1685,防城港北
1686,鹤北
1687,小姑家
1688,鄂州
1689,贲红
1690,土地堂东
1691,定襄
1692,乌奴耳
1693,桥西
1694,海宁
1695,明光
1696,阿贵图
1697,光泽
1698,东淤地
1699,平庄
1700,东岔
1701,元龙
1702,梅河口
1703,金钟
1704,南湖东
1705,大竹园
1706,巴中东
1707,太平庄
1708,大战场
1709,关岭
1710,玉溪西
1711,风水沟
1712,宜昌东
1713,江永
1714,牙克石
1715,六盘山
1716,谭家井
1717,通化县
1718,美溪
1719,北海
1720,江华
1721,土桥子
1722,曹家营子
1723,库尔勒
1724,淮南南
1725,尚志
1726,泗阳
1727,赶水
1728,兴泉堡
1729,衡水北
1730,永川东
1731,金月湾
1732,达州
1733,曲阜东
1734,华山北
1735,鹤立
1736,黄平
1737,顺义
1738,东镇
1739,延安
1740,华城
1741,沿河城
1742,古源
1743,龙沟
1744,清涧县
1745,开封北
1746,景德镇北
1747,淮安南
1748,井冈山
1749,西宁
1750,阳泉北
1751,滁州北
1752,隆安东
1753,偏岭
1754,黄柏
1755,古田
1756,资中
1757,凌源
1758,辰清
1759,松山湖北
1760,土牧尔台
1761,上杭
1762,临邑
1763,小西庄
1764,中宁南
1765,三营
1766,来舟
1767,宝坻
1768,许昌北
1769,南阳
1770,开江
1771,图里河
1772,文昌
1773,平度
1774,茄子溪
1775,龙口市
1776,白旗
1777,曹妃甸港
1778,虢镇
1779,暖泉
1780,余粮堡
1781,万发屯
1782,麓谷
1783,首山
1784,曾口
1785,花园口
1786,乌海西
1787,水洋
1788,美兰
1789,桃山
1790,沙河市
1791,吉文
1792,黄土店
1793,鲁番
1794,牟平
1795,雁石南
1796,白银哈尔
1797,曲靖
1798,大雁
1799,双辽
1800,燕郊
1801,西丰
1802,东兴
1803,盐津北
1804,立志
1805,博乐
1806,百里峡
1807,仪征
1808,常庄
1809,罗山
1810,通榆
1811,七龙星
1812,龙池
1813,上海南
1814,日喀则
1815,大民屯
1816,旗下营南
1817,悬钟
1818,临城
1819,北碚
1820,遂宁
1821,阜新南
1822,子长
1823,安靖
1824,高台
1825,福海
1826,榆次
1827,北戴河
1828,子洲
1829,营口
1830,乌固诺尔
1831,惠州西
1832,上板城南
1833,洞口
1834,启东
1835,天水南
1836,泊头
1837,龙里
1838,轮台
1839,宿迁
1840,珠琳
1841,青岛西
1842,半截河
1843,元氏
1844,玉山
1845,瑞金
1846,郴州西
1847,青州市
1848,界山
1849,林海
1850,沭阳
1851,双河市
1852,四会
1853,庙山
1854,老府
1855,彰武
1856,弋江
1857,长汀镇
1858,李石寨
1859,渠县
1860,乐山北
1861,八方山
1862,赣州西
1863,绥棱
1864,凤州
1865,七营
1866,大连西
1867,弓棚子
1868,乐都南
1869,峰洞
1870,大林
1871,兰岭
1872,沙坪坝
1873,唐河
1874,鲁山
1875,一面坡
1876,瑞昌
1877,堡子湾
1878,阿克陶
1879,珲春
1880,乌海
1881,长治
1882,焉耆
1883,汝箕沟
1884,昂昂溪
1885,杨陵南
1886,民族
1887,临江溪
1888,石峡子
1889,红彦
1890,泰州
1891,卡伦
1892,耒阳
1893,信丰
1894,柴岗
1895,沙岭
1896,厦门北
1897,石人
1898,复盛
1899,祥云西
1900,娘子关
1901,崇仁
1902,广水
1903,福利区
1904,通北
1905,杜尔伯特
1906,阳城
1907,石柱县
1908,西哲里木
1909,焦作
1910,葵潭
1911,巩义
1912,唐山
1913,山丹
1914,余姚
1915,盐城
1916,长寿湖
1917,旬阳北
1918,玛纳斯
1919,葡萄菁
1920,亭林
1921,江都
1922,当涂东
1923,北流
1924,柯柯
1925,临川
1926,安富镇
1927,霍邱
1928,毛坝关
1929,瓦窑田
1930,忻州
1931,小南海
1932,龙桥
1933,富阳
1934,清河
1935,贺州
1936,大石头
1937,太和东
1938,太和北
1939,呼和浩特东
1940,元谋西
1941,渭南
1942,五寨
1943,张桥
1944,上谷
1945,双龙山
1946,南丹
1947,陵水
1948,鄠邑
1949,岳阳东
1950,明安
1951,北井子
1952,白涧
1953,宁武
1954,宁乡
1955,灵宝
1956,白石山
1957,西大庙
1958,龙川
1959,大杨树东
1960,谷城北
1961,羊坪
1962,樟树东
1963,十家子
1964,石龙
1965,新安县
1966,河边
1967,襄阳东
1968,红光镇
1969,随县
1970,豆沙关
1971,八面城
1972,春湾
1973,建昌
1974,樟木头
1975,丹江口
1976,茂林
1977,光明城
1978,宿州
1979,邢台
1980,大坝
1981,朝阳南
1982,东庄
1983,六枝
1984,麻柳
1985,庙岭
1986,普安
1987,孙家
1988,老营
1989,大营子
1990,读书铺
1991,巴中
1992,正镶白旗
1993,长冲
1994,兴凯
1995,黄羊镇
1996,赵城
1997,长兴
1998,北滘
1999,疏勒
2000,龙镇
2001,原平
2002,中卫
2003,斜河涧
2004,南昌
2005,郑州东
2006,界首南
2007,白水江
2008,株洲
2009,刘家河
2010,平峪
2011,东戌
2012,库车
2013,三源浦
2014,本溪
2015,德安
2016,灌水
2017,月山
2018,泥溪
2019,玛纳斯湖
2020,锦州南
2021,祁东北
2022,定西
2023,安庆沟
2024,赫尔洪得
2025,汇塘河
2026,长农
2027,沥林北
2028,东至
2029,民乐
2030,长阳
2031,胜利镇
2032,介休
2033,隆昌
2034,达坂城
2035,新华
2036,西贺村
2037,麻山
2038,七台河
2039,官厅
2040,前磨头
2041,弥渡
2042,那铺
2043,绍兴东
2044,深圳坪山
2045,成都西
2046,绕阳河
2047,涟源
2048,阿龙山
2049,怀仁
2050,刘家店
2051,永修
2052,大元
2053,八角台
2054,曲水县
2055,板城
2056,双流西
2057,周口
2058,武山
2059,南桥
2060,怀来
2061,白鸡坡
2062,欧里
2063,圣浪
2064,木头营子
2065,古莲
2066,建湖
2067,平南南
2068,西渡
2069,长庆桥
2070,前山
2071,安康
2072,武昌
2073,烟台南
2074,许家屯
2075,金杖子
2076,抚松
2077,程家
2078,广顺场
2079,绍兴北
2080,八步
2081,工农湖
2082,阿克苏
2083,达家沟
2084,佛山
2085,南张村
2086,加南
2087,巢湖
2088,二龙
2089,庐江
2090,豆罗
2091,丰城南
2092,苏州
2093,双阳
2094,尔赛河
2095,钟山西
2096,凉水井
2097,榆树
2098,胶州北
2099,兴和西
2100,颍上北
2101,岢岚
2102,王府
2103,芙蓉南
2104,金银潭
2105,豆庄
2106,歙县
2107,廉江
2108,大荔
2109,桑植
2110,新寒岭
2111,向阳川
2112,升昌
2113,新都东
2114,烟台西
2115,黑河
2116,威箐
2117,凯里南
2118,重庆西
2119,蔡山
2120,坝梁
2121,贵安
2122,隆昌北
2123,缙云西
2124,平安镇
2125,千岛湖
2126,红砂岘
2127,东元庆
2128,遵义西
2129,杨家店
2130,宣城
2131,绥阳
2132,长垣
2133,石门子
2134,低庄
2135,武威
2136,恒地营
2137,树木岭
2138,叶城
2139,沂水
2140,塘沽
2141,小岭
2142,长宁
2143,西来
2144,砬子河
2145,大田边
2146,涡阳
2147,南召
2148,乌兰浩特
2149,永川
2150,鹰手营子
2151,曲靖北
2152,新坪田
2153,桂林西
2154,云山
2155,六道河
2156,土门子
2157,方城
2158,榆树沟
2159,金刚沱
2160,荒沟西
2161,桐城
2162,大禾塘
2163,南岔
2164,汪清
2165,一面坡北
2166,马龙
2167,普雄
2168,二井
2169,钟祥
2170,武乡
2171,赵光
2172,忻州西
2173,陶思浩
2174,金山北
2175,宁强南
2176,通州西
2177,槐荫
2178,高邑西
2179,东阳关
2180,三道营
2181,德惠
2182,阿拉山口
2183,沁县
2184,滨海西
2185,华容东
2186,永登
2187,铜仁
2188,红砂坝
2189,火连寨
2190,吴川
2191,威岭
2192,迁安
2193,什里店
2194,宝鸡南
2195,乌兰察布
2196,猴山
2197,太原
2198,黎城
2199,五常
2200,锡铁山
2201,铜罐驿
2202,邵东
2203,溆浦
2204,新江
2205,白沟
2206,榕江
2207,大武口
2208,南充
2209,哈业胡同
2210,平河口
2211,长安
2212,敦化
2213,穆棱
2214,永济北
2215,荆州
2216,巴东
2217,扎赉诺尔
2218,通途
2219,两家
2220,开化
2221,菏泽
2222,天祝
2223,朝阳镇
2224,咸阳秦都
2225,巴林
2226,五原
2227,顺德
2228,德兴
2229,张家界
2230,三河县
2231,小得江
2232,长春南
2233,大平房
2234,广南县
2235,岑溪
2236,葛店南
2237,得莫利
2238,抚州北
2239,塔石嘴
2240,舍力虎
2241,枕头峰
2242,临颍
2243,霍城
2244,上西铺
2245,红旗营
2246,高家村
2247,下马塘
2248,杭锦后旗
2249,秦皇岛
2250,奈林皋
2251,开封
2252,武夷山东
2253,包头东
2254,大其拉哈
2255,敦煌
2256,靖边
2257,饮马峡
2258,綦江东
2259,老爷岭
2260,梧州南
2261,太平川
2262,龙骨甸
2263,芦庙
2264,海伦
2265,完工
2266,宝丰
2267,胶州
2268,桃村
2269,白河县
2270,花博山
2271,芦家庄
2272,高台子
2273,三水
2274,廊坊
2275,秦安
2276,眉山东
2277,纸坊东
2278,井南
2279,宁国
2280,莲花山
2281,延平东
2282,图们
2283,平洋
2284,武功
2285,敬梓场
2286,红安西
2287,清河城
2288,海阳北
2289,大明湖
2290,彭州南
2291,门源
2292,香樟路
2293,平昌
2294,枫林
2295,夏拉哈马
2296,低窝铺
2297,商南
2298,华家
2299,大苴
2300,嘉善南
2301,桃映
2302,七泉湖
2303,浩良河
2304,平顶山西
2305,阿城北
2306,阜宁
2307,合阳北
2308,阳新
2309,固镇
2310,新贤城
2311,水洞
2312,羊圈子
2313,孤山子
2314,藁城
2315,巴山
2316,塔尔根
2317,元田坝
2318,桦林
2319,九三
2320,三都县
2321,源迁
2322,柳林南
2323,花桥
2324,道滘
2325,武清
2326,高各庄
2327,团结
2328,上高镇
2329,车转湾
2330,马莲河
2331,燕子砭
2332,新沂
2333,宣和
2334,皮口
2335,太原东
2336,阎良
2337,云霄
2338,石山
2339,寿县
2340,洋河
2341,大磴沟
2342,九龙塘
2343,新城子
2344,吴堡
2345,达布逊
2346,西岭口
2347,曲阜
2348,彭山
2349,咸宁
2350,源潭
2351,阿南庄
2352,柞水
2353,永康南
2354,兴安
2355,中华门
2356,革居
2357,呼鲁斯太
2358,五府山
2359,卢龙
2360,海林
2361,平庄南
2362,碱柜
2363,本溪新城
2364,衡阳
2365,镇远
2366,溧阳
2367,熊岳城
2368,泽普
2369,梧州
2370,石场
2371,古城镇
2372,盐津
2373,福海西
2374,老莱
2375,普兰店
2376,进贤
2377,左岭
2378,玉田县
2379,新干
2380,德清西
2381,谷山
2382,大方南
2383,闽清北
2384,肇庆东
2385,随州
2386,资阳北
2387,龙山北
2388,刀尔登
2389,红江
2390,石岘
2391,杨杖子
2392,呼和浩特
2393,兴文
2394,阳朔
2395,大东
2396,怀柔
2397,方正
2398,乌兰哈达
2399,柴沟堡
2400,朝天
2401,额敏
2402,扶绥
2403,麻城北
2404,平顶山
2405,济南西
2406,索伦
2407,能家
2408,赣县北
2409,北磴
2410,随州南
2411,白沙
2412,安顺西
2413,安多
2414,辽中
2415,乐东
2416,库伦
2417,平罗
2418,黄山北
2419,富县东
2420,南湾子
2421,奉化
2422,十里坪
2423,上海西
2424,东胜西
2425,落坡岭
2426,海晏
2427,宝龙山
2428,天津西
2429,昭山
2430,永州
2431,无锡东
2432,东花园北
2433,平岗
2434,神木
2435,灵石
2436,泰宁
2437,昂乃
2438,田东
2439,白水镇
2440,甘洛
2441,永济
2442,娄底
2443,兰州新区
2444,三十家
2445,崖州
2446,垫江
2447,道劳杜
2448,芜湖
2449,茂名西
2450,孔家沟
2451,赵庄
2452,洛阳
2453,沙岭子
2454,黔西
2455,通化
2456,瓢儿屯
2457,大旺
2458,下社
2459,仙林
2460,于都
2461,江宁西
2462,萍乡
2463,繁昌西
2464,松滋
2465,新窝铺
2466,庙庄
2467,张家口
2468,兖州
2469,漯河西
2470,凯里
2471,白马
2472,三门峡
2473,阳春
2474,林口
2475,建桥
2476,娄山关
2477,鹤庆
2478,韶山南
2479,雁栖湖
2480,芦家村
2481,福州南
2482,阿里河
2483,邵武
2484,德伯斯
2485,陆丰
2486,沙坨子
2487,水富
2488,德阳
2489,鸡西
2490,牛家营子
2491,乌鲁木齐
2492,虎什哈
2493,丰水村
2494,二密河
2495,北票
2496,迎宾路
2497,无为南
2498,石脑
2499,周家屯
2500,朔州
2501,琼海
2502,咋子
2503,棋盘
2504,徐州
2505,重庆
2506,蔡家沟
2507,龙市
2508,永安乡
2509,金城江
2510,宣威
2511,三亚
2512,融安
2513,泗水南
2514,双城堡
2515,施秉
2516,大埔
2517,营城子
2518,前锋
2519,贾鲁河
2520,新安庄
2521,新李
2522,灵武
2523,阳岔
2524,招柏
2525,姚千户屯
2526,万安县
2527,西林
2528,咸丰
2529,宝林
2530,汉口
2531,亚河
2532,太阳升
2533,江所田
2534,安陆西
2535,台山
2536,岳池
2537,新邱
2538,长沙西
2539,古镇
2540,揭阳南
2541,建三江
2542,上普雄
2543,哈尔滨
2544,合肥
2545,连山关
2546,长岭子
2547,兴隆店
2548,扎罗木得
2549,温州
2550,昆明西
2551,青岛北
2552,犀浦东
2553,溆浦南
2554,景州
2555,哈密
2556,哈拉海
2557,田梁子
2558,大同
2559,夏坝
2560,丰城
2561,达拉滨
2562,芦溪
2563,犀浦
2564,金宝屯
2565,黎塘
2566,古家沱
2567,昭化
2568,光明
2569,娄底南
2570,织金北
2571,开原
2572,卫东
2573,银川
2574,蓬溪
2575,宝拉格
2576,鸳鸯镇
2577,双吉
2578,钟山
2579,马鞍山
2580,田心东
2581,邢台东
2582,南芬北
2583,澧县
2584,庄河北
2585,綦江
2586,赣榆
2587,潜江
2588,祁阳北
2589,博克图
2590,汨罗
2591,凌源东
2592,乌伊岭
2593,高花
2594,克山
2595,泰和
2596,武义北
2597,板石河
2598,偃师
2599,集宁南
2600,商城
2601,黄泥河
2602,北京西
2603,澄城
2604,中牟
2605,良各庄
2606,营口东
2607,哈达铺
2608,阜宁南
2609,岔江
2610,平社
2611,南京
2612,亚复
2613,二龙屯
2614,洪洞
2615,三明
2616,阳泉曲
2617,长甸
2618,资溪
2619,景德镇
2620,中宁东
2621,灵璧
2622,大营
2623,北板桥
2624,北安
2625,宁家
2626,阳明堡
2627,昆山南
2628,枣庄西
2629,西街口
2630,冯屯
2631,安陆
2632,东方
2633,大堡
2634,云彩岭
2635,古城东
2636,宋城路
2637,太白
2638,新高峰
2639,二道桥
2640,东边井
2641,尖山
2642,新绰源
2643,苍南
2644,长葛北
2645,杨柳青
2646,抚远
2647,运城
2648,宁海
2649,虞城县
2650,江门东
2651,白音华南
2652,福清
2653,宣化
2654,角美
2655,鹤壁东
2656,柳园南
2657,绥化
2658,苏尼特左旗
2659,丹东
2660,午汲
2661,松坝
2662,孤山口
2663,山河屯
2664,清水北
2665,呼兰
2666,蕲春
2667,庆安
2668,三井子
2669,草市
2670,文登东
2671,广汉北
2672,临海
2673,松江
2674,锦和
2675,孟庄
2676,朝阳地
2677,向塘
2678,黄石
2679,杨岗
2680,内江南
2681,盖州西
2682,连云港
2683,昌黎
2684,木竹河
2685,新县
2686,恩施
2687,小榄
2688,金山屯
2689,大安北
2690,乳山
2691,宁明
2692,仙游
2693,临沂北
2694,甘谷
2695,嘉兴南
2696,彭州
2697,延庆
2698,砀山南
2699,两当
2700,漯河
2701,莱西
2702,亭亮
2703,中宁
2704,盘龙城
2705,双洋
2706,夏格庄
2707,车墩
2708,红花园
2709,丹阳
2710,京山
2711,鄄城
2712,邓家湾
2713,稷山
2714,霞浦
2715,翠峰
2716,皋兰
2717,襄阳
2718,鹿寨北
2719,长春西
2720,都江堰
2721,果松
2722,洪洞西
2723,都匀东
2724,灵武北
2725,贺胜桥东
2726,雷州
2727,茅岭
2728,永寿
2729,佛岭
2730,锡林呼都嘎
2731,下板城
2732,孝感北
2733,布列开
2734,旗下营
2735,南昌西
2736,南江口
2737,长沙南
2738,豆张庄
2739,李家
2740,苇河西
2741,图们北
2742,田林
2743,农安
2744,荣成
2745,蚌埠
2746,即墨北
2747,毛陈
2748,赛乌苏
2749,兰溪
2750,攸县
2751,磁窑
2752,武当山
2753,彭阳
2754,朝阳村
2755,郭尔奔敖包
2756,兰家屯
2757,德州东
2758,兴隆镇
2759,蓟州
2760,内江
2761,信阳东
2762,丰镇
2763,双石桥
2764,精河南
2765,南口
2766,渠旧
2767,厦门高崎
2768,广州东
2769,汤阴
2770,柳树
2771,南华
2772,修文县
2773,沈丘
2774,观沙岭
2775,宁东南
2776,新兴县
2777,万州
2778,忠工屯
2779,落垡
2780,隆回
2781,云东海
2782,八虎力
2783,米易
2784,南平北
2785,徐家
2786,哈力图
2787,三穗
2788,天水
2789,干沟
2790,弯道
2791,磐安镇
2792,肃宁
2793,西湖东
2794,聂河
2795,乌拉山
2796,张兰
2797,窑上
2798,罕达盖
2799,天津北
2800,塔河
2801,沃皮
2802,巴楚
2803,白沙沱
2804,兴国
2805,青州市北
2806,大辛庄
2807,棠海
2808,张台子
2809,南宁东
2810,衡山西
2811,克一河
2812,临清
2813,肇庆
2814,阳邑
2815,南木
2816,治安
2817,曲江
2818,鞍山
2819,民权
2820,汤原
2821,张辛
2822,滩头
2823,朱杨溪
2824,莎车
2825,广通北
2826,塔哈
2827,蓝村
2828,营盘水
2829,百色
2830,绣峰
2831,灯塔
2832,下仓
2833,恭城
2834,磁西
2835,东台
2836,牛家
2837,绩溪县
2838,溧水
2839,寒岭
2840,高州
2841,宝华山
2842,图强
2843,洪梅
2844,一面山
2845,深圳机场
2846,平庄北
2847,四合
2848,丰乐镇
2849,福安
2850,沙城
2851,赛汗塔拉
2852,牛河梁
2853,南大庙
2854,秦岭
2855,依兰
2856,三家店
2857,仙桃西
2858,红星
2859,五大连池
2860,六合镇
2861,滦河沿
2862,昭通北
2863,大石桥
2864,南峪
2865,渭南南
2866,柳州
2867,三汇镇
2868,晏城
2869,扬州
2870,五龙背
2871,商丘东
2872,宁陵县
2873,嵩明
2874,鸽子洞
2875,三义井
2876,亚布力南
2877,坂田
2878,芷江
2879,朝阳
2880,湘府路
2881,茶条沟
2882,天河机场
2883,福州南
2884,小董
2885,蚌埠南
2886,三阳川
2887,吴桥
2888,昆都仑召
2889,拉林
2890,通安驿
2891,昆玉
2892,章丘北
2893,石梯
2894,赤峰
2895,西固城
2896,新郑机场
2897,碱厂
2898,石桥
2899,嘎什吐
2900,峨眉
2901,赤壁北
2902,东港北
2903,嘉兴
2904,辛集南
2905,巨野
2906,三明北
2907,固原
2908,魏善庄
2909,黄石北
2910,运粮河
2911,洪河
2912,苔青
2913,王瞳
2914,统军庄
2915,丰都
2916,开阳
2917,玉泉
2918,奎山
2919,哈克
2920,洛门
2921,阜阳
2922,温根托海
2923,乐都
2924,塔源
2925,巴彦郭勒
2926,松树镇
2927,昌平
2928,旧庄窝
2929,通渭
2930,姚安
2931,哈尔盖
2932,丰广
2933,新香坊北
2934,南平市
2935,秦家庄
2936,苏家屯
2937,郴州
2938,新绛
2939,怀集
2940,文登
2941,北营
2942,七甸
2943,三家子
2944,柳河
2945,纪家沟
2946,简阳南
2947,杨木
2948,绥中
2949,莆田
2950,滦平
2951,青城山
2952,黄家店
2953,韶关东
2954,归流河
2955,镇西
2956,王安镇
2957,大冶北
2958,沙桥
2959,开福寺
2960,南汤
2961,乌拉特前旗
2962,鲁河
2963,达拉特旗
2964,兴平
2965,获嘉
2966,化州
2967,广州
2968,西峡
2969,兑镇
2970,东营子
2971,漳州
2972,乌兰花
2973,黄陵
2974,瓦房
2975,青溪
2976,喇嘛山
2977,会同
2978,明珠
2979,吴家屯
2980,常平南
2981,濑湍
2982,花山南
2983,曲家店
2984,新会
2985,奎屯
2986,海坨子
2987,榆社
2988,庆丰
2989,平关
2990,新干东
2991,下花园北
2992,安德
2993,银镇
2994,麦园
2995,广州北
2996,乐善村
2997,化处
2998,王家营西
2999,桂林北
3000,西平西
3001,阳高
3002,莒县
3003,苏州园区
3004,内江北
3005,宾州
3006,齐河
3007,春申
3008,大庆西
3009,乐清
3010,锦河
3011,松桃
3012,前苇塘
3013,河口南
3014,新化
3015,凤台南
3016,乐武
3017,蓟州北
3018,石门县
3019,铁佛寺
3020,义县西
3021,西安北
3022,渭津
3023,洞井
3024,尖峰
3025,榆树川
3026,清水
3027,枣庄
3028,万宁
3029,湖州
3030,八里甸子
3031,大拟
3032,金坑
3033,兴安北
3034,泉州
3035,和龙
3036,许昌东
3037,汤山城
3038,长子
3039,南平南
3040,汐子
3041,海安县
3042,柳树泉
3043,双城北
3044,太谷
3045,普定
3046,永胜
3047,岚山西
3048,叆河
3049,牛车河
3050,岩山
3051,柳毛
3052,集安
3053,花湖
3054,坪上
3055,南京南
3056,修武
3057,汉沽
3058,六盘水
3059,乌鲁木齐南
3060,怀仁东
3061,蜀河
3062,里木店
3063,申家店
3064,信宜
3065,和平
3066,黄冈
3067,舍伯吐
3068,新帐房
3069,奈曼
3070,衡南
3071,扎赉诺尔西
3072,靖远
3073,古田会址
3074,祁家堡
3075,安江东
3076,桑园子
3077,东海
3078,酒泉
3079,镇城底
3080,雅安
3081,白彦花
3082,孤家子
3083,成都东
3084,雅鲁
3085,大官屯
3086,宜宾南
3087,百宜
3088,池州
3089,连湖
3090,营山
3091,固安
3092,清原
3093,阿房宫
3094,新津南
3095,烟筒山
3096,临湘
3097,大理
3098,三家寨
3099,永康
3100,创业村
3101,定边
3102,福田
3103,靖西
3104,扎音河
3105,北屯
3106,安塘
3107,壮志
3108,三水南
3109,白音他拉
3110,魏家泉
3111,泉水
3112,武胜
3113,师宗
3114,祁东
3115,三门县
3116,天门
3117,枣庄东
3118,杜拉尔
3119,倭肯
3120,阳曲
3121,乌兰胡同
3122,乌海北
3123,春亭阁
3124,钟家村
3125,桓龙湖
3126,红岘台
3127,惠山
3128,水源
3129,韩城
3130,白泉
3131,青川
3132,台安南
3133,巴彦高勒
3134,连江
3135,八苏木
3136,桐梓
3137,阳曲西
3138,长虹
3139,大西
3140,上仓
3141,松原北
3142,固始
3143,青铜峡
3144,章党
3145,正定机场
3146,仲恺
3147,新民北
3148,哈尔滨东
3149,昆山
3150,惠农
3151,平遥
3152,荷塘
3153,攸县南
3154,乌兰
3155,桃园
3156,白音察干
3157,齐哈日格图
3158,西斗铺
3159,湘潭北
3160,莱阳
3161,盘锦北
3162,马林
3163,黄口
3164,通辽
3165,打柴沟
3166,甘草店
3167,闻喜
3168,阳平关
3169,黑冲滩
3170,和田
3171,阿勒泰
3172,裕国
3173,定南
3174,白奎堡
3175,邯郸
3176,汉川
3177,韦庄
3178,通天屯
3179,郭家屯
3180,香港红磡
3181,桦皮厂
3182,姑家堡
3183,茶陵南
3184,朱石寨
3185,芦潮港
3186,金寨
3187,射阳
3188,新安
3189,卓资山
3190,常山
3191,阜宁东
3192,海林北
3193,佟家
3194,峨眉山
3195,新乡
3196,兴安岭
3197,北京北
3198,淮安东
3199,永乐店
3200,苍溪
3201,双凤驿
3202,大营镇
3203,尚志南
3204,土们岭
3205,弯坵
3206,珠窝
3207,厦门
3208,丹阳北
3209,株洲南
3210,宋
3211,广安南
3212,乌龙泉南
3213,苏州北
3214,姚家
3215,忙罕屯
3216,周口东
3217,邵阳西
3218,瓦房店西
3219,平安
3220,临泽南
3221,安阳东
3222,虎山
3223,八面通
3224,浑河
3225,西柳
3226,松江河
3227,诏安
3228,沈阳
3229,金昌
3230,四合永
3231,光山
3232,富裕
3233,九江
3234,镇江
3235,富川
3236,通道
3237,巩义南
3238,横道河子东
3239,德州
3240,平等
3241,白城
3242,伊林
3243,门达
3244,成都
3245,沈阳南
3246,临澧
3247,吴官田
3248,宏庆
3249,东营
3250,乔庄东
3251,范镇
3252,东光
3253,庙阳
3254,大涧
3255,暮云
3256,高林屯
3257,深州
3258,谷城
3259,平房
3260,发耳
3261,浠水
3262,全椒
3263,贺家店
3264,白云北
3265,长寿北
3266,沧州
3267,姜家
3268,剑门关
3269,黑旺
3270,南陵
3271,黄泥崴子
3272,漳县
3273,平旺
3274,徐州东
3275,嵯岗
3276,耒阳西
3277,安定
3278,温江
3279,阿乌尼
3280,界首市
3281,怀化南
3282,咸宁北
3283,樟树
3284,大足
3285,湛江
3286,温州南
3287,达拉特西
3288,铁岭
3289,桓台
3290,鄯善北
3291,汉阴
3292,陶赖昭
3293,桐梓东
3294,樟木头东
3295,枣强
3296,南杂木
3297,阳高南
3298,杭州南
3299,霍尔果斯
3300,查干湖
3301,常州
3302,威海北
3303,松江镇
3304,涵江
3305,普者黑
3306,龙泉寺
3307,江山
3308,淮北
3309,白沙坡
3310,富宁
3311,灌云
3312,米沙子
3313,桐乡
3314,黔江
3315,凤县
3316,东莞东
3317,南关岭
3318,太湖
3319,遵义南
3320,孙吴
3321,白桦排
3322,孝西
3323,广元南
3324,南博山
3325,长兴南
3326,根河
3327,丹东西
3328,高密北
3329,上安
3330,乐昌
3331,鄂尔多斯
3332,韶关
3333,攀枝花
3334,西阳岔
3335,都匀
3336,淮安
3337,南曹
3338,星朗
3339,白银西
3340,鹤岗
3341,下台子
3342,旅顺
3343,新凉
3344,学庄
3345,武夷山
3346,藁城南
3347,西安南
3348,襄州
3349,沙沱
3350,武汉
3351,吐列毛杜
3352,伊宁东
3353,海安
3354,裴德
3355,广南卫
3356,关寨
3357,骆驼巷
3358,十堰东
3359,绍兴
3360,白河
3361,西小召
3362,董家口
3363,炎陵
3364,五营
3365,城固北
3366,横江
3367,长潭沟
3368,竹园坝
3369,红果
3370,洞庙河
3371,廊坊北
3372,大王滩
3373,深井子
3374,新和
3375,滦河
3376,蒙山
3377,萍乡北
3378,赣州
3379,大庆
3380,林盛堡
3381,秧草地
3382,步行街
3383,凤阳
3384,白山市
3385,崔黄口
3386,喇嘛甸
3387,青莲
3388,邳州
3389,长葛
3390,江密峰
3391,拉鲊
3392,承德
3393,青龙山
3394,确山
3395,渭南镇
3396,长治北
3397,峰高铺
3398,布海
3399,小村
3400,柏林
3401,甘泉北
3402,皇姑屯
3403,千河
3404,桐木寨
3405,滨海港
3406,青堆
3407,安化
3408,潮阳
3409,白音胡硕
3410,霍林郭勒
3411,温泉寺
3412,井陉
3413,蒙渡
3414,南翔北
3415,白沙铺
3416,龙里北
3417,偏店
3418,潍坊北
3419,沙马拉达
3420,乐跃
3421,秀山
3422,当雄
3423,南河川
3424,晨明
3425,赤壁
3426,辽源
3427,新肇
3428,余杭
3429,塘豹
3430,威舍
3431,禹州
3432,义县
3433,德清
3434,宝老山
3435,小扬气
3436,开原西
3437,威虎岭北
3438,百浪
3439,哈日努拉
3440,凭祥
3441,茅草坪
3442,如皋
3443,茂名
3444,夹心子
3445,安广
3446,金银川
3447,丰顺东
3448,黑山寺
3449,施家嘴
3450,沈丘北
3451,石家庄东
3452,公主岭南
3453,永丰营
3454,修武西
3455,福临堡
3456,林子头
3457,雅河
3458,草海
3459,夏石
3460,那曲
3461,建始
3462,娄烦
3463,莱芜西
3464,滥坝
3465,轩岗
3466,老岭
3467,丰城东
3468,潍坊
3469,费县
3470,德日斯图
3471,四分滩
3472,坪石
3473,南宁
3474,沟口
3475,翠岗
3476,黄冈东
3477,定西北
3478,无锡新区
3479,换新天
3480,全州南
3481,艾家村
3482,天津南
3483,彭水
3484,谢家镇
3485,黄磏
3486,口前
